Tweet                                                                                                                                     ,Type
Get Unlimited Twitter Followers For Free! THIS IS COOL! http://tinyurl.com/ygv3gcr/?47589                                                 ,spam
Try It FREE! http://tinyurl.com/ygv3gcr/?22206                                                                                            ,spam
Build Your Twitter Account For FREE! http://tinyurl.com/ygv3gcr/?22399                                                                    ,spam
Try It FREE! http://tinyurl.com/ygv3gcr/?27867                                                                                            ,spam
Get Unlimited Twitter Followers For Free! THIS IS COOL! http://tinyurl.com/ygv3gcr/?1764                                                  ,spam
000  Twitter Followers! http://tinyurl.com/ygv3gcr/?14584                                                                                 ,spam
Get Unlimited Twitter Followers For Free! THIS IS COOL! http://tinyurl.com/ygv3gcr/?30069                                                 ,spam
Try It FREE! http://tinyurl.com/ygv3gcr/?20477                                                                                            ,spam
Try It FREE! http://tinyurl.com/ygv3gcr/?23998                                                                                            ,spam
Try It FREE! http://tinyurl.com/ygv3gcr/?20427                                                                                            ,spam
Build Your Twitter Account For FREE! http://tinyurl.com/ygv3gcr/?3314                                                                     ,spam
Try It FREE! http://tinyurl.com/ygv3gcr/?9737                                                                                             ,spam
Get Unlimited Twitter Followers For Free! THIS IS COOL! http://tinyurl.com/ygv3gcr/?15168                                                 ,spam
Try It FREE! http://tinyurl.com/ygv3gcr/?12213                                                                                            ,spam
000  Twitter Followers Instantly! http://tinyurl.com/ygv3gcr/?748                                                                         ,spam
000  Twitter Followers! http://tinyurl.com/ygv3gcr/?22916                                                                                 ,spam
Try It FREE! http://tinyurl.com/ygv3gcr/?9738                                                                                             ,spam
Get Unlimited Twitter Followers For Free! THIS IS COOL! http://tinyurl.com/ygv3gcr/?28973                                                 ,spam
000  Twitter Followers Instantly! http://tinyurl.com/ndtjdc/?490795                                                                       ,spam
Try It FREE! http://tinyurl.com/ndtjdc/?490789                                                                                            ,spam
Try It FREE! http://tinyurl.com/ndtjdc/?490783                                                                                            ,spam
Build Your Twitter Account For FREE! http://tinyurl.com/ndtjdc/?490777                                                                    ,spam
Get Unlimited Twitter Followers For Free! THIS IS COOL! http://tinyurl.com/ndtjdc/?490771                                                 ,spam
000  Twitter Followers! http://tinyurl.com/ndtjdc/?490765                                                                                 ,spam
000  Twitter Followers Instantly! http://tinyurl.com/ndtjdc/?490759                                                                       ,spam
Try It FREE! http://tinyurl.com/ndtjdc/?490753                                                                                            ,spam
Try It FREE! http://tinyurl.com/ndtjdc/?490747                                                                                            ,spam
Build Your Twitter Account For FREE! http://tinyurl.com/ndtjdc/?490741                                                                    ,spam
Get Unlimited Twitter Followers For Free! THIS IS COOL! http://tinyurl.com/ndtjdc/?490735                                                 ,spam
000  Twitter Followers! http://tinyurl.com/ndtjdc/?490729                                                                                 ,spam
000  Twitter Followers Instantly! http://tinyurl.com/ndtjdc/?490723                                                                       ,spam
Try It FREE! http://tinyurl.com/ndtjdc/?490717                                                                                            ,spam
Try It FREE! http://tinyurl.com/ndtjdc/?490711                                                                                            ,spam
Build Your Twitter Account For FREE! http://tinyurl.com/ndtjdc/?490705                                                                    ,spam
Get Unlimited Twitter Followers For Free! THIS IS COOL! http://tinyurl.com/ndtjdc/?490699                                                 ,spam
000  Twitter Followers! http://tinyurl.com/ndtjdc/?490693                                                                                 ,spam
000  Twitter Followers Instantly! http://tinyurl.com/ndtjdc/?490687                                                                       ,spam
Try It FREE! http://tinyurl.com/ndtjdc/?490681                                                                                            ,spam
Try It FREE! http://tinyurl.com/ndtjdc/?490675                                                                                            ,spam
Build Your Twitter Account For FREE! http://tinyurl.com/ndtjdc/?490669                                                                    ,spam
Get Unlimited Twitter Followers For Free! THIS IS COOL! http://tinyurl.com/ndtjdc/?490663                                                 ,spam
000  Twitter Followers! http://tinyurl.com/ndtjdc/?490657                                                                                 ,spam
000  Twitter Followers Instantly! http://tinyurl.com/ndtjdc/?490651                                                                       ,spam
Try It FREE! http://tinyurl.com/ndtjdc/?490645                                                                                            ,spam
Try It FREE! http://tinyurl.com/ndtjdc/?490639                                                                                            ,spam
Build Your Twitter Account For FREE! http://tinyurl.com/ndtjdc/?490633                                                                    ,spam
Get Unlimited Twitter Followers For Free! THIS IS COOL! http://tinyurl.com/ndtjdc/?490627                                                 ,spam
000  Twitter Followers! http://tinyurl.com/ndtjdc/?490621                                                                                 ,spam
000  Twitter Followers Instantly! http://tinyurl.com/ndtjdc/?490615                                                                       ,spam
Performance based Lead generation - 10 free Leads offer with no setup fees - vist www.webfishery.com now - Pay only for Qualified Leads   ,spam
Pay per Performance Lead generation - 10 free Leads offer with no setup fees - vist www.webfishery.com now                                ,spam
#iphone Did anyone else know you could do this with an iphone? http://bit.ly/2lHkus                                                       ,spam
Maverick Moneymakers taught me how to make money online. Read about it here: http://bit.ly/36xWiH                                         ,spam
Just what I always wanted for my #iphone. Awesome. http://tr.im/yFB6                                                                      ,spam
#musicmonday You gotta check this one out. http://bit.ly/i4GJ6                                                                            ,spam
No more panic attacks for me. Seriously. What a relief. http://short.to/o0yh #panicattacks                                                ,spam
Unbelievable! I make more money online than I do at my job. Crazy! Thanks Maverick Money Makers! http://bit.ly/36xWiH                     ,spam
#iphone Did you know that you can do this with an iphone? http://cli.gs/r9JDBP                                                            ,spam
only one taught me how to make money online. Maverick Moneymakers is the real deal: http://bit.ly/36xWiH                                  ,spam
I had no idea I could make money online so easily. Maverick Moneymakers is incredible. Read more here: http://bit.ly/36xWiH               ,spam
#iphone - Yet another awesome tool for the iphone. http://is.gd/3goHU                                                                     ,spam
#iphone Did anyone else know you could do this with an iphone? http://bit.ly/2lHkus                                                       ,spam
#iPhone I had no idea you could do this with an iphone. http://tinyurl.com/qcr868                                                         ,spam
No more panic attacks for me. Seriously. What a relief. http://short.to/o0yh #panicattacks                                                ,spam
Is this the bestselling #iphone use yet? http://snipurl.com/rtzav                                                                         ,spam
Maverick Moneymakers taught me how to make money online. Read about it here: http://bit.ly/36xWiH                                         ,spam
#iphone Did you know that you can do this with an iphone? http://cli.gs/r9JDBP                                                            ,spam
#iphone Did anyone else know you could do this with an iphone? http://bit.ly/2lHkus                                                       ,spam
only one taught me how to make money online. Maverick Moneymakers is the real deal: http://bit.ly/36xWiH                                  ,spam
No more panic attacks for me. Seriously. What a relief. http://short.to/o0yh #panicattacks                                                ,spam
#iPhone I had no idea you could do this with an iphone. http://tinyurl.com/qcr868                                                         ,spam
Unbelievable! I make more money online than I do at my job. Crazy! Thanks Maverick Money Makers! http://bit.ly/36xWiH                     ,spam
Is this the bestselling #iphone use yet? http://snipurl.com/rtzav                                                                         ,spam
Victory over panic attacks. Finally. http://short.to/o0yh                                                                                 ,spam
#iphone Did anyone else know you could do this with an iphone? http://bit.ly/2lHkus                                                       ,spam
Maverick Moneymakers taught me how to make money online. Read about it here: http://bit.ly/36xWiH                                         ,spam
No more panic attacks for me. Seriously. What a relief. http://short.to/o0yh #panicattacks                                                ,spam
#iphone Did you know that you can do this with an iphone? http://cli.gs/r9JDBP                                                            ,spam
Unbelievable! I make more money online than I do at my job. Crazy! Thanks Maverick Money Makers! http://bit.ly/36xWiH                     ,spam
This only makes my #iphone even better. http://adjix.com/juz6                                                                             ,spam
only one taught me how to make money online. Maverick Moneymakers is the real deal: http://bit.ly/36xWiH                                  ,spam
This only makes my #iphone even better. http://adjix.com/juz6                                                                             ,spam
Unbelievable! I make more money online than I do at my job. Crazy! Thanks Maverick Money Makers! http://bit.ly/36xWiH                     ,spam
This only makes my #iphone even better. http://adjix.com/juz6                                                                             ,spam
#5: Global Catastrophes and Trends: The Next Fifty Years: Global Catastrophes and Trends: The Next Fifty Years by... http://amzn.to/a6r52g,spam
#2: Curve Connect By Liz Claiborne For Men. Cologne Spray 4.2 Oz.: Curve Connect By Liz Claiborne For Men. Cologn... http://amzn.to/awcEiH,spam
s Washed Khaki Short Pleat Classic Fit: Dockers Men                                                                                       ,spam
#1: SPANX Moderate Control Cotton Compression Tank Shapewear: SPANX Moderate Control Cotton Compression Tank Shap... http://amzn.to/bDC1k7,spam
2-Ounce Bottle: Obagi Nu-Derm #4 AM Exfoderm Forte E... http://amzn.to/cio3Kr                                                             ,spam
#1: Nioxin System 1 Scalp Therapy and Cleanser Liter Duo (33.8 oz Each): Nioxin System 1 Scalp Therapy and Cleans... http://amzn.to/c8sITT,spam
#2: Esoterica Fade Cream Nighttime with Moisturizers 70g/2.5oz: Esoterica Fade Cream Nighttime with Moisturizers ... http://amzn.to/aPpmf0,spam
s Washed Khaki Short Pleat Classic Fit: Dockers Men                                                                                       ,spam
#2: Nexxus Aloxxi Polymedic Emergency Reconstructor 500ml Big Sale!!: Nexxus Aloxxi Polymedic Emergency Reconstru... http://amzn.to/biQGLF,spam
#1: Gucci Pour Homme By Gucci For Men. Eau De Toilette Spray 3.3 Ounces: Gucci Pour Homme By Gucci For Men. Eau D... http://amzn.to/a07k5g,spam
#5: Sebastian Originals Wet Sleek Hold Liquid Gel 16.9 OZ: Sebastian Originals Wet Sleek Hold Liquid Gel 16.9 OZ ... http://amzn.to/bmJ8st,spam
1.4oz Scalp Treatment) Set: Ni... http://amzn.to/brQp1u                                                                                   ,spam
#3: Nexxus Aloxxi Polymedic Emergency Reconstructor 500ml Big Sale!!: Nexxus Aloxxi Polymedic Emergency Reconstru... http://amzn.to/8YFDa7,spam
#2: Gucci Pour Homme By Gucci For Men. Eau De Toilette Spray 3.3 Ounces: Gucci Pour Homme By Gucci For Men. Eau D... http://amzn.to/bGk27I,spam
#5: Bio-Oil Scar Treatment - 2 oz.: Bio-Oil Scar Treatment - 2 oz. by Bio Oil 693% Sales Rank in Beauty: 386 (was... http://amzn.to/adiDnf,spam
#4: Proactiv Solution SUPER SIZE Green Tea Moisturizer 2 oz.: Proactiv Solution SUPER SIZE Green Tea Moisturizer ... http://amzn.to/cbUXYI,spam
#3: Pureology Hydrate Shampoo 10.1 oz and Hydrate Condition 8.5 oz duo: Pureology Hydrate Shampoo 10.1 oz and Hyd... http://amzn.to/b4w8qM,spam
#2: SPANX Moderate Control Cotton Compression Tank Shapewear: SPANX Moderate Control Cotton Compression Tank Shap... http://amzn.to/cwSNGr,spam
#4: CHI Silk Infusion Silk Recontructing Complex 12.0 oz: CHI Silk Infusion Silk Recontructing Complex 12.0 oz by... http://amzn.to/a1JxV5,spam
#4: SPANX Moderate Control Cotton Compression Tank Shapewear: SPANX Moderate Control Cotton Compression Tank Shap... http://amzn.to/cAmpwE,spam
#3: Jerzees 50/50 Jersey Pocket Polo w/Spotshield. 436P: Jerzees 50/50 Jersey Pocket Polo w/Spotshield. 436P by J... http://amzn.to/9iDjI8,spam
#3: OPI Nail Polish Need Sunglasses NLB46: OPI Nail Polish Need Sunglasses NLB46 by OPI 745% Sales Rank in Beauty... http://amzn.to/afKskm,spam
2.1-Ounce Bars (Pack of 21): thinkThin Chocolate Orange Bliss ... http://amzn.to/dC2DTn                                                   ,spam
7-Pound Boxes (Pack of 30): Think Thin Monthly Weight Loss Snack Bo... http://amzn.to/9EiDuf                                              ,spam
7-Pound Boxes (Pack of 30): Think Thin Monthly Weight Loss Snack Bo... http://amzn.to/bDkhP3                                              ,spam
#5: Proactiv Solution SUPER SIZE Green Tea Moisturizer 2 oz.: Proactiv Solution SUPER SIZE Green Tea Moisturizer ... http://amzn.to/aNBdAO,spam
#4: MAYUMI Squalane Skin Oil 2.17 oz: MAYUMI Squalane Skin Oil 2.17 oz by Mayumi 619% Sales Rank in Beauty: 354 (... http://amzn.to/btMiUC,spam
#3: Essie Nail Polish Lilacism 705: Essie Nail Polish Lilacism 705 by Essie 843% Sales Rank in Beauty: 248 (was 2... http://amzn.to/ccvYeL,spam
#3: DKY Single Sports Headband 100% Terry Cloth (Many Vibrant Colors): DKY Single Sports Headband 100% Terry Clot... http://amzn.to/aSB7iB,spam
#5: Essie Nail Polish Lilacism 705: Essie Nail Polish Lilacism 705 by Essie 628% Sales Rank in Beauty: 306 (was 2... http://amzn.to/awBMtz,spam
OMG! Esse site da seguidores sem pedir senha http://zapt.in/3uP                                                                           ,spam
Come\xe7ei a usar o #MaisFollowers me d\xe1 muito mais seguidores para lerem o que eu posto http://bit.ly/aNG4Ot ;P                       ,spam
Ganhei 794 followers s\xf3 hoje atrav\xe9s do #MaisFollowers --> http://bit.ly/aAEeQL                                                     ,spam
Ganhei 794 followers s\xf3 hoje atrav\xe9s do #MaisFollowers -> http://tinyurl.com/maiseguidores                                          ,spam
looking for a promotion then you will find our bold seven step 3 part beacon (a ) http://bit.ly/8q4eIF                                    ,spam
Did you know that Investment Banks recruit direct now - get my astute report http://bit.ly/8q4eIF (a !)                                   ,spam
Click on my bio link                                                                                                                      ,spam
If you are anticipating for an Investment Banking line then  Nikkis 3 part beacon will help you http://bit.ly/8q4eIF wise to download     ,spam
Do you know how to attract venture like a magnet? get my bold genius on how to get a better office: http://bit.ly/8q4eIF                  ,spam
]beholding for a promotion then you will find our smart seven step 3 part advisory (a ) http://bit.ly/8q4eIF                              ,spam
Did you know that Investment Banks recruit direct now - get my effective guide http://bit.ly/8q4eIF (a !)                                 ,spam
If you are scanning for an Investment Banking line then Nikkis 3 part beacon will help you. Click on my bio link (a )                     ,spam
Do you know how to attract task like a magnet? get my wise instruction on how to get a better vocation: http://bit.ly/8q4eIF              ,spam
contemplating for a promotion then you will find our brainy seven step 3 part genius (a ) http://bit.ly/8q4eIF                            ,spam
you are probably feeling the pressure and under valued. Get my easy report http://bit.ly/8q4eIF                                           ,spam
get my costless instruction http://bit.ly/8q4eIF                                                                                          ,spam
Did you know that Investment Banks recruit direct now - get my smart beacon http://bit.ly/8q4eIF (a !)                                    ,spam
If you are scanning for an Investment Banking employment then Nikkis 3 part advisory will help you. Click on my bio link (a )             ,spam
If you are scanning for an Investment Banking function then  Nikkis 3 part report will help you http://bit.ly/8q4eIF gratis to download   ,spam
Do you know how to attract profession like a magnet? get my sassy report on how to get a better responsibility: http://bit.ly/8q4eIF      ,spam
looking for a promotion then you will find our ingenious seven step 3 part beacon (a ) http://bit.ly/8q4eIF                               ,spam
you are probably feeling the pressure and under valued. Get my sassy instruction http://bit.ly/8q4eIF                                     ,spam
Did you know that Investment Banks recruit direct now - get my easy advisory http://bit.ly/8q4eIF (a !)                                   ,spam
If you are eyeing for an Investment Banking vocation then Nikkis 3 part beacon will help you. Click on my bio link (a )                   ,spam
Do you know how to attract vocation like a magnet? get my wise guide on how to get a better stint: http://bit.ly/8q4eIF                   ,spam
considering for a promotion then you will find our on the ball seven step 3 part instruction (a ) http://bit.ly/8q4eIF                    ,spam
you are probably feeling the pressure and under valued. Get my quick genius http://bit.ly/8q4eIF                                          ,spam
Did you know that Investment Banks recruit direct now - get my easy report http://bit.ly/8q4eIF (a !)                                     ,spam
If you are scanning for an Investment Banking trade then Nikkis 3 part advisory will help you. Click on my bio link (a )                  ,spam
If you are scanning for an Investment Banking role then  Nikkis 3 part advisory will help you http://bit.ly/8q4eIF gratis to download     ,spam
Do you know how to attract function like a magnet? get my astute guide on how to get a better stint: http://bit.ly/8q4eIF                 ,spam
If you are looking for an Investment Banking profession then  Nikkis 3 part beacon will help you http://bit.ly/8q4eIF easy to download    ,spam
observing for a promotion then you will find our quick seven step 3 part report (a ) http://bit.ly/8q4eIF                                 ,spam
you are probably feeling the pressure and under valued. Get my brainy beacon http://bit.ly/8q4eIF                                         ,spam
get my easy beacon http://bit.ly/8q4eIF                                                                                                   ,spam
Did you know that Investment Banks recruit direct now - get my bold report http://bit.ly/8q4eIF (a !)                                     ,spam
If you are contemplating for an Investment Banking function then Nikkis 3 part instruction will help you. Click on my bio link (a )       ,spam
If you are anticipating for an Investment Banking career then  Nikkis 3 part report will help you http://bit.ly/8q4eIF astute to download ,spam
scanning for a promotion then you will find our free seven step 3 part guide (a ) http://bit.ly/8q4eIF                                    ,spam
you are probably feeling the pressure and under valued. Get my costless advisory http://bit.ly/8q4eIF                                     ,spam
Did you know that Investment Banks recruit direct now - get my ingenious report http://bit.ly/8q4eIF (a !)                                ,spam
you are probably feeling the pressure and under valued. Get my sharp genius http://bit.ly/8q4eIF                                          ,spam
Did you know that Investment Banks recruit direct now - get my free instruction http://bit.ly/8q4eIF (a !)                                ,spam
If you are observing for an Investment Banking function then Nikkis 3 part advisory will help you. Click on my bio link (a )              ,spam
If you are inspecting for an Investment Banking role then  Nikkis 3 part advisory will help you http://bit.ly/8q4eIF quick to download    ,spam
Do you know how to attract career like a magnet? get my sharp advisory on how to get a better effort: http://bit.ly/8q4eIF                ,spam
eyeing for a promotion then you will find our resourceful seven step 3 part advisory (a ) http://bit.ly/8q4eIF                            ,spam
"get my ingenious beacon http://bit.ly/8q4eIF"")"                                                                                         ,spam
you are probably feeling the pressure and under valued. Get my effective advisory http://bit.ly/8q4eIF                                    ,spam
get my free genius http://bit.ly/8q4eIF                                                                                                   ,spam
Did you know that Investment Banks recruit direct now - get my smart genius http://bit.ly/8q4eIF (a !)                                    ,spam
If you are contemplating for an Investment Banking work then Nikkis 3 part advisory will help you. Click on my bio link (a )              ,spam
If you are beholding for an Investment Banking job then Nikkis 3 part beacon will help you. Click on my bio link (a )                     ,spam
get my effective genius http://bit.ly/8q4eIF                                                                                              ,spam
Did you know that Investment Banks recruit direct now - get my sassy beacon http://bit.ly/8q4eIF (a !)                                    ,spam
If you are beholding for an Investment Banking profession then Nikkis 3 part guide will help you. Click on my bio link (a )               ,spam
If you are scanning for an Investment Banking work then Nikkis 3 part guide will help you. Click on my bio link (a )                      ,spam
If you are beholding for an Investment Banking responsibility then Nikkis 3 part guide will help you. Click on my bio link (a )           ,spam
If you are scanning for an Investment Banking work then Nikkis 3 part advisory will help you. Click on my bio link (a )                   ,spam
If you are beholding for an Investment Banking effort then Nikkis 3 part beacon will help you. Click on my bio link (a )                  ,spam
If you are anticipating for an Investment Banking vocation then Nikkis 3 part report will help you. Click on my bio link (a )             ,spam
If you are observing for an Investment Banking stint then  Nikkis 3 part guide will help you http://bit.ly/8q4eIF effective to download   ,spam
Do you know how to attract role like a magnet? get my sassy advisory on how to get a better trade: http://bit.ly/8q4eIF                   ,spam
scanning for a promotion then you will find our sassy seven step 3 part guide (a ) http://bit.ly/8q4eIF                                   ,spam
get my sharp instruction http://bit.ly/8q4eIF"")",spam
you are probably feeling the pressure and under valued. Get my free guide http://bit.ly/8q4eIF,spam
get my quick beacon http://bit.ly/8q4eIF,spam
Did you know that Investment Banks recruit direct now - get my effective advisory http://bit.ly/8q4eIF (a !),spam
If you are beholding for an Investment Banking profession then Nikkis 3 part beacon will help you. Click on my bio link (a ),spam
If you are contemplating for an Investment Banking line then  Nikkis 3 part genius will help you http://bit.ly/8q4eIF quick to download,spam
HOT TEENS GONE WILD ON DEGRASSI!: \n\nHOT TEENS GONE WILD ON DEGRASSI!\n\nSUBSCRIBE!!! & leave a COMMENT tellin.. http://bit.ly/4YGhaZ,spam
THE WORLD IS ENDING!!!: THE WORLD IS ENDING!!!\n\nGetting laid can be next to impossible... unless there is an .. http://bit.ly/88FqMb,spam
Pizza Zombies!: \n\nPizza Zombies!\n\nALTERNATE ENDING & DELETED SCENE: http://smosh.com/videos Can we survive .. http://bit.ly/5GaE2P,spam
GET CHICKS USING FULL BODY AIRPORT SCANS! - Filestube Video Search http://bit.ly/99LR24,spam
Free Beauty Guide http://bit.ly/abXn8s,spam
Free Carmex Lip Balm http://bit.ly/8MyGey,spam
Free 8 Oz. Crystal Gel Fresh Wave Natural Odor Eliminator http://bit.ly/4SCshQ,spam
Free Winter Samples http://bit.ly/8qgpDQ,spam
FREE sample of Playtex pearl tampons http://bit.ly/6LJC9p,spam
Free sample of Surf laundry detergent http://bit.ly/7quBGz,spam
Free Consultation from Jenny Craig http://bit.ly/bdpxAh,spam
Free sample of Sun Rype Fruit Source bars http://bit.ly/bDVyy5,spam
Free coupon for Snickiddy snacks http://bit.ly/9dhi0k,spam
Free Kashi Sample http://bit.ly/b6eyTd,spam
Free Sample of Calcia Calcium http://bit.ly/9XaBXM,spam
Free Pet Exam at PetSmart http://bit.ly/bWbVkn,spam
Free Krispy Kreme Original Glazed  Doughnut http://bit.ly/8VQkpm,spam
Free sample of Aveda hand relief lotion http://bit.ly/7D5n4o,spam
Free Rimmel Sweet Jelly Lip Gloss http://bit.ly/5WojdF,spam
Free 26 MP3 songs from Amazon http://bit.ly/7oOfd7,spam
Free Geek Flirt Lip Gross http://bit.ly/aRrrkF,spam
FREE Limited Edition Bottle of Dentyne Gum http://bit.ly/4ZsFkM,spam
Free Travel Guides http://bit.ly/78rx96,spam
Free sample of Benefiber from Wal-Mart http://bit.ly/6aXRWF,spam
Free shampoo samples http://bit.ly/aa7ZeW,spam
Free sample of Poise for women http://bit.ly/6ac27i,spam
Free music download http://bit.ly/aYFn15,spam
Free samples of Tampax and Always products http://bit.ly/77E79r,spam
Free Chocolate Fondue for Two http://bit.ly/7yEBnW,spam
Free Est\xe9e Lauder Eight-Piece Gift http://bit.ly/bFgHJO,spam
Free sample of Dove shampoo http://bit.ly/69duFF,spam
Free stuffed jalapenos at Jack in the Box http://bit.ly/aXrbFt,spam
Free sample of Joico shampoo http://bit.ly/7hKra7,spam
Free Escada Marine Groove Fragrance http://bit.ly/5KPjLX,spam
Free samples on Paul Mitchell hair care products http://bit.ly/654ZPT,spam
FREE Juicy Juice Sippy Cup! http://bit.ly/5yvqQS,spam
Free Three books from Crown Publishing http://bit.ly/cTDtW2,spam
Free Fresco Taco from Taco Bell http://bit.ly/98Yz60,spam
FREE 16 OZ. Steaz Organic Iced Teaz http://bit.ly/cSIYpW,spam
FREE Samples of Earth Friendly Products http://bit.ly/7yvU0B,spam
Win a Dell Notebook http://bit.ly/bNPePE,spam
Free Purina Hat for 1st 50K Registration http://bit.ly/bAbFwa,spam
FREE Sample of Loreal EverPure http://bit.ly/78pq1p,spam
Free Sample of Cetaphil Gentle Skin Cleanser. http://bit.ly/bn6b5M,spam
Free sample of Hussana face cream http://bit.ly/7xAn28,spam
Free Nicoderm CQ Sample http://bit.ly/bpwlxa,spam
Free $500 Jenny Craig Gift Certificate http://bit.ly/dixrmp,spam
Free Chinese Recipe eBook http://bit.ly/b3fDul,spam
Coupon for a FREE YoPlus sample http://bit.ly/ceDpzu,spam
Free Coffee Recipe Collection http://bit.ly/cL7hRu,spam
Free sample of Golden Tea http://bit.ly/6lRe1u,spam
Free Sample of Sooo Sweet Sugar Substitute http://bit.ly/alfTSf,spam
Free Sample of True Orange http://bit.ly/8ZvixP,spam
Free 12oz. Ultimate Ice Blended Drink at The Coffee Bean & Tea Leaf Store http://bit.ly/dddQlN,spam
Free Natural Nibbles Dog Treat http://bit.ly/bz3FPl,spam
Free Samples of Pureology SuperSmooth  for color-treated hair http://bit.ly/9OkcVk,spam
Free Gifts from BareMineral http://bit.ly/bwwPU9,spam
Free Blizzard from Dairy Queen http://bit.ly/cTL5WU,spam
Free Crest 3D White Whitestrips http://bit.ly/9Dkyn9,spam
Free Pretzel from PretzelMaker http://bit.ly/dxfcE9,spam
Free Sample of Signature Scent - Custom Scented Bath & Body http://bit.ly/daK68F,spam
FREE Sample of  Enfamil\xae Formulas http://bit.ly/b6MD1G,spam
Free Sample of Loving Pets Dog Treat Wraps http://bit.ly/dg6xju,spam
Free Delicious Summer Sample Pack from Kraft Foods http://bit.ly/9UXaHO,spam
Free sample of Maven Shampoo http://bit.ly/5JyZfY,spam
Free Steaz Iced Tea - BOGO http://bit.ly/6OvWNK,spam
Free Vegetable Seeds http://bit.ly/dlgLst,spam
Free Bully Stick Dog Treats http://bit.ly/9iFMg5,spam
Free Sample of Dove Daily Treatment Conditioner http://bit.ly/9r59sU,spam
Free Sample of Tear-Aid Patch - Repair Holes & Tears Instantly http://bit.ly/9U7gFb,spam
Earn Cash for Your Old Watches http://bit.ly/a84lt5,spam
Free eb5 Anti-Aging Facial Cream http://bit.ly/9jMQuK,spam
Free Two Chicken Soft Tacos at Del Taco http://bit.ly/aoDckW,spam
Free Mexican Recipes http://bit.ly/9zGc9C,spam
Get a Free* 3D TV http://bit.ly/cmc2m9,spam
Free Pack of Sugardale Ready Bacon or Pepperoni http://bit.ly/dALFDk,spam
Free Premio Real Italian Sausage http://bit.ly/dtdMHj,spam
Free Sample of Breathe Right Nasal Strips http://bit.ly/aE3NBD,spam
Buy One Get One FREE cesar\xae canine cuisine entr\xe9e http://bit.ly/900cfD,spam
Free Ax Detailer + Shower Gel http://bit.ly/audacM,spam
FREE* 10 Lean Cuisine Meals http://bit.ly/9gELTo,spam
Free Sample Pack of 10 Customized Business Cards from Moo http://bit.ly/annDvW,spam
Free smokerZchoice Sample http://bit.ly/9VzEuD,spam
Free Sample of BioFreeze Pain Relief Cream http://bit.ly/a94CZF,spam
Free Slice of Pie at Waffle House http://bit.ly/bveMda,spam
Free Lane Bryant Cami http://bit.ly/9H0qIX,spam
Free Journey To The Stars DVD from NASA (Educators & Parents) http://bit.ly/avY7mL,spam
Free Sample of Lanacane Anti-Chafing Gel http://bit.ly/aKLEWl,spam
Free Coppertone Water BABIES Package! http://bit.ly/9nyUWQ,spam
Free Tote Bag From Nitendo for Wii Fit Plus Customers http://bit.ly/9PdtaA,spam
Free Native Flutes For Relaxation Album http://bit.ly/9cSRTb,spam
Free Sample of The All New All  Oxi Active Landry Detergent http://bit.ly/b3qqUC,spam
Free Car Air Freshener - PGH Budget Cars http://bit.ly/90x7T2,spam
Free Meal at Gold Star Chili on Your Birthday http://bit.ly/a2YUFY,spam
Free health insurance quotes. http://bit.ly/cHmSmD,spam
Free Sample of Rembrandt Toothpaste http://bit.ly/9NbpRu,spam
Free Dessert at Hard Rock Cafe http://bit.ly/c5vqVD,spam
Free* Ugg Boots http://bit.ly/98CN7N,spam
Free Basil Seed Pack for Your Garden http://bit.ly/cNcgB3,spam
Free Large Pop COrn at AMC Theaters http://bit.ly/cHfsax,spam
Free DVD Bible - King James Version http://bit.ly/bXCaCf,spam
Free Kimberly-Clark Lavender Nitrile Exam Gloves http://bit.ly/9qSZ6v,spam
Free Spicy Chicken Sandwich from Chik-fil-A for Cow Appreciation Day on 7/9/2010 http://bit.ly/axq2QO,spam
Free Sample of Neutrogena Sheer Blush http://bit.ly/clqbgc,spam
Free Luxury Bathrobe from Dove http://bit.ly/bgVHbL,spam
Earn cold hard CASH for taking quick online surveys http://bit.ly/ch6juD,spam
Free Sample of Neuragen Pain Relief http://bit.ly/92eF0Y,spam
FREE Sample of Thermadrene http://bit.ly/cMSqxE,spam
Free Sample of Womanity Fragrance http://bit.ly/dr5Jq8,spam
Free Sharps Needle Container http://bit.ly/creHVn,spam
530 new twitter followers in 30 days? Check it out http://tweetergetter.com/gen6194,spam
you can get a bunch of new followers for free at http://twitter-followers.net/?r=80649571,spam
Expand your Twitter followers - Its FREE http://alturl.com/a2nu #ad,spam
Want to add THOUSANDS of new Twitter followers in just days? You have to try this! http://bit.ly/2YaEGG,spam
Now you can Tweet AND add followers automatically! Make money in the process! http://bit.ly/2YaEGG,spam
Want to add THOUSANDS of new Twitter followers in just days? You have to try this! http://bit.ly/2YaEGG,spam
Buy Twitter Followers! http://tinyurl.com/qe9y8e,spam
Want more followers? Twitter may help you buy some http://bit.ly/a71uNK,spam
gains nearly 300K followers in 48 hours http://bit.ly/9gRrz5,spam
FREE INSTANT TWITTER FOLLOWERS! http://tinyurl.com/ykkxywb,spam
free followers http://dwarfurl.com/a0c2c,spam
FREE TWITTER FOLLOWERS! http://is.gd/a6uYO,spam
Get Free Twitter Followers!  http://tinyurl.com/ykkxywb,spam
THE WAY OF GETTING 100 FREE FOLLOWERS  http://tinyurl.com/3yghlz8,spam
LET GET 100 FREE MORE TWITTER FOLLOWERS!  http://tinyurl.com/33hhezc,spam
HOW DO YOU GET 100 FREE TWITTER FOLLOWERS?  http://tinyurl.com/3xkr5hc,spam
THIS WEBSITE FREE INSTANT 100 TWITTER FOLLOWERS  http://tinyurl.com/2cv6kve,spam
HOW DO YOU GET 100 FREE TWITTER FOLLOWERS?  http://tinyurl.com/2agd2lk,spam
THE WAY OF GETTING 100 FREE FOLLOWERS  http://tinyurl.com/2479dcl,spam
Make money now! with a product that is sold 500 Million times per day,spamWant to make easy money online? We guarantee this is the fastest way to start http://bit.ly/wI7qQ,spam
Make Easy Money Online - Is it Really Possible Or a Joke?: Is it really possible to make easy money online http://bit.ly/19cdqK,spam
Make Easy Money Online for FREE http://bit.ly/bPJpgi,spam
Free Worldwide Hand Tools Suppliers Details:  http://tinyurl.com/3526q6c,spam
Free Database of Machine Tools Manufacturers & Suppliers : http://tinyurl.com/386yopp,spam
Find Home Textitles Suppliers Across the World - http://tinyurl.com/2wxwpv2,spam
Free List for Home Textiles Manufacturers http://tinyurl.com/353xy79,spam
Hurry.... Free Listing For Apparel Manufacturers http://tinyurl.com/36f9vp3,spam
Grow Your Apparel Business With B2B Marketplace http://tinyurl.com/2vj4d5z,spam
Worldwide Exporters of Beauty Products from http://tinyurl.com/27s59h8,spam
Beauty Products Manufacturers & Suppliers List from http://catalogs.indiamart.com/category/cosmetics-toiletries.html,spam
Free Business Link For Chemical Fertilizers Buyers at http://tinyurl.com/3xvmtmy,spam
Free Business Links For Chemical Suppliers at http://catalogs.indiamart.com/category/chemicals-fertilizers.html,spam
Free List Of Office Supplies Exporters at http://trade.indiamart.com/offer/commercial-office/,spam
Free List Of School Stationery Suppliers At http://tinyurl.com/2agsnxt,spam
Here is a GIFT for you - SAVE 25 PERCENT OFF using this coupon for  http://bit.ly/6ns0sc Enter coupon TWEETNOW,spam
Have Fun With Twitter - Twitter Marketing Software  http://bit.ly/6ns0sc,spam
Get more friends and followers send out news tweets all automatically all FUN http://bit.ly/75FifU,spam
Have Fun And Get Friends And Followers Fast  http://bit.ly/6BiLk3  Send Out News Tweets,spam
Want to make money on twitter and have fun to http://bit.ly/6BiLk3 It Rocks,spam
LL NEW TWITTER AUTOMATION SOFTWARE FOR YOUR PC http://bit.ly/6BiLk3 WITH UNLIMITED ACCOUNTS AND FUN TO USE - CHECKOUT OUR VIDEO,spam
The Secret To Getting Lots Of Followers On Twitter  http://bit.ly/6BiLk3  While Having FUN,spam
Fiddling with my blog post http://bit.ly/4obawr,spam
Fiddling with my blog post http://bit.ly/9zI9b,spam
Fiddling with my blog post http://bit.ly/RkASJ,spam
Buying Gold, Free Coin Tips http://bit.ly/ccN9ry,spam
Free Online Poker!! Win cash! No deposit needed. http://bit.ly/bfdNQ8,spam
Generate Cash At Will Using Twitter http://alturl.com/d7ou .,spam
You Can Generate Cash At Will Using Twitter http://alturl.com/d7ou .,spam
64 Generate Cash At Will Using Twitter http://alturl.com/d7ou .,spam
73 Generate Cash At Will Using Twitter http://alturl.com/d7ou .,spam
HOW DO YOU GET 100 FREE TWITTER FOLLOWERS?  http://tinyurl.com/32wwdws,spam
100 FREE MORE TWITTER FOLLOWERS! http://tinyurl.com/37j8qb4,spam
THE WAY OF GETTING 100 FREE FOLLOWERS  http://tinyurl.com/37m3grw,spam
GET 100 FREE TWITTER FOLLOWERS!  http://tinyurl.com/2cts9sa,spam
HOW DO YOU GET 100 FREE TWITTER FOLLOWERS?  http://tinyurl.com/25gwvr5,spam
THIS WEBSITE FREE INSTANT 100 TWITTER FOLLOWERS  http://tinyurl.com/2ah285a,spam
100 FREE MORE TWITTER FOLLOWERS! http://tinyurl.com/2dpuacq,spam
THIS WEBSITE FREE INSTANT 100 TWITTER FOLLOWERS  http://tinyurl.com/2bk8pf5,spam
100 FREE MORE TWITTER FOLLOWERS! http://tinyurl.com/2eqmrwr,spam
GETTING 100 FREE FOLLOWERS  http://tinyurl.com/23hte2j,spam
HOW DO YOU GET 100 FREE TWITTER FOLLOWERS?  http://tinyurl.com/29dtrpd,spam
GET 100 FREE TWITTER FOLLOWERS!  http://tinyurl.com/2f5cm9l,spam
WANT MORE 100 TWITTER FOLLOWERS?  http://tinyurl.com/27b7pmc,spam
THE WAY OF GETTING 100 FREE FOLLOWERS  http://tinyurl.com/34k5t9g,spam
GETTING 100 FREE FOLLOWERS  http://tinyurl.com/23wjcrn,spam
GET 100 FREE TWITTER FOLLOWERS!  http://tinyurl.com/24p3kr5,spam
HOW DO YOU GET 100 FREE TWITTER FOLLOWERS?  http://tinyurl.com/27yrz8n,spam
THIS WEBSITE FREE INSTANT 100 TWITTER FOLLOWERS  http://tinyurl.com/24mqp7w,spam
THE WAY OF GETTING 100 FREE FOLLOWERS  http://tinyurl.com/2eh7563,spam
GET FOR 100 FREE TWITTER FOLLOWERS  http://tinyurl.com/22tuo5q,spam
GET FOR 100 FREE TWITTER FOLLOWERS  http://tinyurl.com/29vg2yp,spam
GET FOR 100 FREE TWITTER FOLLOWERS  http://tinyurl.com/2dd4q9j,spam
HOW DO YOU GET 100 FREE TWITTER FOLLOWERS?  http://tinyurl.com/2eo6nan,spam
GETTING 100 FREE FOLLOWERS  http://tinyurl.com/28ygu85,spam
HIT - GETTING 100 FREE FOLLOWERS  http://tinyurl.com/2exrkhq,spam
Want some Free Twitter Followers?  http://tinyurl.com/y756bn2,spam
How do I get my FREE TWITTER FOLLOWERS?  http://tinyurl.com/y4rgh3j,spam
Free More Twitter Followers! http://tinyurl.com/y79p5pf,spam
Get for some free followers http://tinyurl.com/y69f879,spam
Let Get Free More Twitter Followers! http://tinyurl.com/y5ajqus,spam
Want some Free Twitter Followers?  http://tinyurl.com/ybpt2qp,spam
Free More Twitter Followers! http://tinyurl.com/yaqpexb,spam
Imagine to receive a pay just for reading emails + free stuff like software for free !!.  http://bit.ly/a66zCW,spam
Imagine to receive a pay just for reading emails + free stuff like ebooks for free !!.  http://bit.ly/a66zCW,spam
Imagine to receive a pay just for reading emails + free stuff like web templates for free !!.  http://bit.ly/a66zCW,spam
Imagine to receive a pay just for reading emails + free stuff like articles for free !!.  http://bit.ly/a66zCW,spam
Ganhei 900 followers atrav\xe9s do #MaisFollowers ==> http://bit.ly/6hMIgO,spam
#MaisFollowers - O pr\xeamio para site mais usado para ganhar followers \xe9: Mais Followers ==> http://bit.ly/6hMIgO,spam
free followers http://dwarfurl.com/a0c2c,spam
want a FREE gift of 1000 shares of me2everyone? \nEnter: www.me2everyone.com/33738,spam
Free gifts and low prices click on and save money. promo http://tinyurl.com/2cyo4dd http://bit.ly/d6658C,spam
Free gifts and low prices click on and save money. spon http://tinyurl.com/2elxfgy http://bit.ly/dBiApm,spam
Free gifts and low prices click on and save money. promo http://tinyurl.com/3875sy5 http://bit.ly/cLFB4m,spam
Make money online with InternetIncomeAds,spam
Looking For An Easy Way To Generate Huge Streams of Profit? The Secret Is PLR! It",spam